{"cameraMode":{"drawMode":0,"name":"Shaded","section":"Shading Mode"},"sceneLighting":false,"audioPlay":false,"sceneViewState":{"showFog":false,"showMaterialUpdate":false,"showSkybox":false,"showFlares":false,"showImageEffects":false,"showParticleSystems":false},"in2DMode":false,"pivot":{"x":7.54823112487793,"y":-1.0414257049560547,"z":-3.996124267578125},"rotation":{"x":-0.18537931144237519,"y":0.519608736038208,"z":-0.11663646996021271,"w":-0.8258552551269531},"size":10.344621658325196,"orthographic":false}